ABBV,ACN,AEP,AIZ,ALLE,AMAT,AMP,AMZN,AVB,AVY,AXP,BDX,BF-B,BMY,BR,CARR,CDW,CE,CHTR,CNC,CNP,COP,CTAS,CZR,DG,DPZ,DRE,DXC,FB,FTV,GOOG,GPC,HIG,HST,JPM,KR,OGN,PG,PPL,PRU,PYPL,RE,ROL,ROST,UNH,URI,V,VRSK,WRK,XOM,IVV,IWM,EWU,EWG,EWL,EWQ,IEUS,EWJ,EWT,MCHI,INDA,EWY,EWA,EWH,EWZ,EWC,IEMG,LQD,HYG,SHY,IEF,TLT,SEGA.L,IEAA.L,HIGH.L,JPEA.L,IAU,SLV,GSG,REET,ICLN,IXN,IGF,IUVL.L,IUMO.L,SPMV.L,IEVL.L,IEFM.L,MVEU.L,XLK,XLF,XLV,XLE,XLY,XLI,XLC,XLU,XLP,XLB,VXX
0.01484486879342839,0.06866179253563409,0.02859890518561503,0.03046313879204554,0.07982071309409555,0.1465358520906337,0.04119340742384914,0.14749908,0.08243464046160476,0.05428823900388302,0.07140114940939668,0.03457735092645553,0.02634151649729244,0.01196116801832492,0.04338964105088028,0.14528168103902495,0.051007606867137234,0.09880719568678842,0.11049036848418847,0.010004091987019237,0.017966812475317173,0.0762436060140006,0.026753312537544538,0.22921241349111687,0.0057712572078472135,0.13893127387861348,0.007383124433673061,0.08060997302034689,0.12875117841395411,0.05063931128764487,0.07960473981527283,-0.004922394229424754,0.02655336521727847,0.09767852038692126,0.14086308310654339,0.06808602519501061,0.05853183737442835,0.03355126755223381,0.021643231992841017,0.0426810452237536,0.4771046393059164,0.012080013429975445,0.01557789955893174,0.12879721258412058,0.0458687284177266,0.13899071715063016,0.04415115996938379,0.07925450759338837,0.06663769321616764,0.05320371794817991,0.04817328262421583,0.08577390517766759,0.01816138730904715,0.08848485198662015,0.036772399299835445,0.0263845034688468,0.07431510047810841,0.0546467250801701,0.05631859154044827,0.09253910192786163,0.03548189484940778,0.09383826204851964,0.02965133150034127,0.04970542402742195,0.08377636852526127,0.03640810653276372,0.1004411439211097,0.03800135511269609,0.022956782348484417,0.00520606886310393,0.01814351799929348,0.08171367325134415,0.0190575717132635,0.027541665076818544,0.02996412796192849,0.04908838165931484,0.03877743495243058,0.11336808523921516,0.0397687129979718,0.053732174000828525,0.10457223067358523,0.07708025746086467,0.0337540679375139,0.04196495943554268,0.11140153859336133,0.03720058730729381,0.021788126924576767,0.04963935855919743,0.019180272283203514,0.07521207548680664,0.04522260440128312,0.015058320432317807,0.0712868673055489,0.0787025276137614,0.043108743834452845,0.14198260930648754,0.013819414535417351,0.02749906728713647,0.04286298039633696,0.13779861377273583
0.04129502595895573,0.0787955358217669,0.00996458588019511,0.0390323793621139,0.04080923467002329,0.07431648029497939,0.04221765363966945,0.13921738,0.02004049831072585,0.05863508653806271,0.07432749904928926,0.037836056065615686,0.03282364082590572,0.010378068653090544,0.03618939996201309,0.07559526822774565,0.06343302953559427,0.0835312404865931,0.10954527723662988,0.006549406775837596,0.023487394674413853,0.07425281087850255,0.05233181137787657,0.2001475197685827,0.03058920078084526,0.12814950889448262,0.005399958692706264,0.09528058344820334,0.22847547116908107,0.09793392798686362,0.07618724790243103,0.0018730121121279808,0.051186772810051906,0.08792576999019275,0.06775441001084026,0.09719431109894128,0.051116304308632454,0.03532176392064201,0.02552540171635176,0.050665206600706725,0.46840140749439296,0.014393627321577007,0.007463800056368264,0.1472016963792866,0.03311810280737504,0.13976796171850125,0.04001316711049707,0.08604419188904266,0.07214754657920475,0.05753912139056272,0.06554016876313185,0.10732789840276524,0.02562269674203055,0.08906707015678617,0.027059941642975094,0.03865900717673254,0.07316425399678517,0.04427360954061932,0.05661423057853421,0.05909183630286163,0.031182254193890202,0.10830693193987706,0.032378601626684045,0.04903689833162117,0.08226860943102299,0.07059399291582036,0.06904833119222786,0.04241734403481523,0.02936595059189262,0.005275210251043383,0.038340909509303245,0.07574844040222306,0.02017909270935725,0.026771096229162294,0.0292791513841697,0.04664697540931484,0.03095158351200089,0.11775880179194953,0.02689315605217102,0.016596572957127353,0.09643071303442508,0.07288003735283244,0.03398771814503343,0.04947180681713448,0.07452199910361523,0.034142153774578965,0.024315006235184677,0.028437271156853683,0.0293099624534916,0.012379243150380859,0.04581078303592667,0.020500462918890072,0.05541963402918171,0.07834823760521648,0.03249434869285128,0.08697372106185863,0.022557455459489617,0.02447019765823022,0.06601533177573149,0.12786657260452294
0.03554150880807683,0.08350764061913019,0.008955121616279094,0.025884548398979135,0.052996238759378755,0.16871307148150283,0.04321090544020656,0.13620949,0.07764481120745437,0.0748699612634045,0.07579425014792207,0.0339169314623442,0.03171022606150142,0.04033059474561984,0.047138057951515044,0.09762586019246733,0.051038124445262234,0.08385262873122201,0.12200980055205957,0.004634905585652049,0.032563513143652134,0.08159801046346349,0.03347337860810118,0.34082425660024773,0.03049144916341362,0.1417865747819338,0.009673850141680873,0.06282966906526877,0.20943488660487208,0.0705720581748519,0.08127366986898377,-0.011242870761407175,0.05070516728026675,0.05163440913509021,0.054850719672705495,0.08601867862213464,0.0627513693873678,0.03976779358372795,0.027799438123822462,0.040725536037962584,0.4734267943046957,0.012463390505170757,0.005691873176485451,0.13476292227039988,0.03363547112402543,0.14087613127416532,0.045316073146874025,0.07090556579040985,0.06933110790427799,0.05224289107440061,0.021315906525583017,0.03177781905706212,0.02586993680855887,0.09366139617607327,0.07089796578237939,0.04748264037070227,0.06883338050740528,0.04543804588095135,0.05341584533988675,0.08470943579016632,0.017359698651898015,0.10200886675433019,0.03276126344614205,0.06058207960603523,0.08742631855272709,0.03282562896318364,0.05503766339132454,0.02928095716347734,0.027616911895603558,0.005267580856512133,0.019508225946070823,0.05434989609069962,0.03841954452210139,0.023875025748815615,0.030449190561110617,0.04802169693641445,0.030369126923255774,0.12154965719966437,0.034315841675339964,0.032209413609593174,0.07828920493200808,0.10331011585930217,0.032117562810560774,0.06454081469066963,0.07710454915244336,0.02460302642472545,0.02817416856581212,0.0334755325704279,0.02893612212146035,0.03603942610326172,0.038593852646522375,0.021889012723577572,0.032282064601691474,0.08178051146996257,0.03745917718406222,0.10366540578475902,0.033749300399675164,0.02214180181472436,0.032794563800877974,0.1687548820832827
0.03164384187692448,0.07050810601219659,0.02414906082526347,0.024909416410453744,0.08998306660972055,0.04001996769121963,0.06600562895094875,0.18802118,0.04437159114519851,0.05861601305173458,0.062110931056125196,0.03578422577386764,0.033455926897683064,0.025604909625990935,0.041522823576515044,0.05172456166951811,0.0817631267340806,0.07351527597853647,0.12251334059112207,0.02482371402681416,0.038758581503027134,0.07326480428670568,0.028421765754097272,0.2975922924889196,0.030731775091147995,0.1175713533769045,0.005491034589923061,0.10281651789644553,0.2460283237996963,0.08522669455790854,0.07449686017660095,-0.001032833529961863,0.04266187809569644,0.0902217409069408,0.12432875464585003,0.11008751101959557,0.05612667074845179,0.036295465397692794,0.027978252058148634,0.04338628738073602,0.4743895285271078,0.01898080078349107,0.014205323799044045,0.1457974109483784,0.04249224450049027,0.14915640852636258,0.048482271877342775,0.06255280929016571,0.07032674389060611,0.06349147963641233,0.06583342361542677,0.09121270980413243,0.04883465276620047,0.0875776692931387,0.030601888054107906,0.02440419875082922,0.07178428726094532,0.05647015037313885,0.05894143432914456,0.10215643057166046,0.04301639878617536,0.10038571306780675,0.02316610773019967,0.05214206190583992,0.08248580875658451,0.0454389254719727,0.06711427967855599,0.04074316877236406,0.02729218579086723,0.005501707901189867,0.028569562463404807,0.07497071899719376,0.025707065884406077,0.03555467510184296,0.023611464921767356,0.04999055756263515,0.02780374301212296,0.11587171873836066,0.04435087966972473,0.04655935104855802,0.0825793088443616,0.09153915219047892,0.030277209798475813,0.055770110421260455,0.06729815457541699,0.03421415618546764,0.019317633607926377,0.0289431953817072,0.023526404561645897,0.09059150435033203,0.057603442795448156,0.020862382321966244,0.050647924587043036,0.0995317283583903,0.02902726571555636,0.13521390584579418,0.03141375199879626,0.019836770991970454,0.038280098468846724,0.14022571490798974
0.030160878314912765,0.07207928444847589,0.03543818054572245,0.01979247686577601,0.07042272954307016,0.06063316120318252,0.03929416502272609,0.12902164,0.07768963390032546,0.08473095369504513,0.06741145290671113,0.03682659180169967,0.029446203234352986,0.05348700877760226,0.03694280267197403,0.06434787175862944,0.06453309285956887,0.0863078632588099,0.12579302656524316,0.01235299182832783,0.033828562124365025,0.06942578832601232,0.05086601395356016,0.3860288960350622,0.02767763309285698,0.13082885688642598,0.07620073994270626,0.09435122782686545,0.21306171003016505,0.05503050467753745,0.07119523969320252,0.015129085110174856,0.0417554106579523,0.09907589167903552,0.07906117270615276,0.10550939746368737,0.05791957846329554,0.03494935410008537,0.0291784511853459,0.033749408413450865,0.459497427239266,0.03839665619120591,0.013225900276094826,0.12459198568592722,0.041457984704347695,0.11520607969945829,0.048566195217186525,0.05230176406311493,0.07967132167991275,0.010109082938414282,0.05458626556488966,0.07986398543889806,0.038245529993983673,0.09440597739860745,0.03578439270803857,0.05892983160910559,0.07456043319600392,0.053576225660004084,0.057668040698163114,0.10181930670081085,0.014429534314739811,0.10205321261004308,0.051557468966771935,0.05765382261750984,0.08099736156725346,0.02819339438981938,0.06201069157430794,0.040257271708155073,0.0345815954283184,0.006149252762029711,0.030949456719996604,0.059786793368531654,0.02224522811585139,0.028092411994543154,0.027894893113906027,0.04594197167091152,0.02916296733158097,0.11294513067988898,0.06617619323783996,0.04866697128781583,0.07611268172338992,0.035998828933032634,0.03838081888355882,0.05179877214916573,0.06984160397727246,0.0379315786708192,0.032575971582474716,0.026089324989861495,0.030874942006714257,0.08885867811742187,0.0757976414038466,0.019554894834173275,0.08690614525965046,0.09014518889916179,0.04119805734153292,0.22009902623763988,0.025119501510515008,0.02059589574782983,0.026084988147801802,0.13987190173660302
0.025723908557832686,0.07826767708763605,0.027636170963202922,0.02933255788994593,0.03268726735434946,0.17902848972491103,0.09781257475173,0.14714766,0.04791353755633132,0.07164654207395138,0.09575131573019746,0.047006588292178186,0.041668493273415486,0.02361745235060031,0.03602155328232559,0.06748188398091948,0.06401238668281106,0.08581147577712045,0.12159876692168847,0.006508875617390331,0.030255144460790806,0.0715438989827506,0.03003252167450743,0.2677322728050817,0.018818952367759323,0.13607311195234395,0.00801636417976681,0.0706328707406838,0.22671832624110255,0.09448734900737144,0.05496751752523377,0.00288915209625884,0.05237743519408511,0.09810433596919665,0.0678669435801762,0.07954156108368249,0.050257520586708626,0.04851298706517326,0.028321574812054884,0.038979835201780944,0.46113870073780117,0.017690479433393413,0.0020400158003868185,0.1550132427049702,0.03641018654760941,0.12388737700170438,0.049589964595848635,0.08271396117615204,0.059314666559063145,0.056398526908140845,0.05840143966767286,0.07191606368596837,0.018718809946986603,0.08593305793449613,0.03730598007986474,0.049395711049413205,0.06803825454610157,0.05235075416342205,0.04859454483329495,0.1324799359732718,0.02614017808305036,0.10849957415179112,0.044746088580419396,0.049342789368608475,0.08142961445116459,0.037634531703662155,0.056194708755704426,0.03396111387124101,0.028008395202488323,0.006868800033758227,0.03830991509402004,0.0647840467865004,0.04337912780457209,0.026716140746679384,0.027903714601332785,0.050979637038037984,0.03075941813724503,0.1121550115087464,0.04802109527641418,0.05982829864987638,0.044576579428468044,0.08208394818046916,0.027280765096327375,0.0532438271571003,0.04963634465415234,0.03649582198746959,0.01609373758131505,0.023783340492791183,0.02936479872668496,0.08685834623875976,0.061218106873206946,0.01837758389056976,0.05916423623255085,0.12239082488548991,0.04915170114036105,0.08569961217513988,0.02702398912037829,0.02595506856887475,0.06774243596274321,0.12189227984939599
0.009879086627901046,0.07018528725609308,0.029551148990546672,0.03031055090142054,0.10620458989463266,0.07719991459063369,0.04162828291213039,0.15937424,0.04478739314715163,0.10084804964231076,0.05016949810324434,0.0173606684923735,0.038161832811989704,0.004134362903578825,0.0432861673875502,0.1128197994014517,0.06305251348334817,0.08045754816481576,0.11191182005279199,0.018127966651325877,0.02403456531345194,0.07484504262899083,0.033271199653023054,0.22311748093496453,0.028806306646323776,0.1250338549027834,0.0035574599134093887,0.05220859820345236,0.19741048398646388,0.0347129502036605,0.07066928830770447,-0.010207657290948191,0.03686115406615542,0.06951937884639392,0.07556786368515667,0.08103406138885827,0.04987390509293421,0.03818564789280998,0.03417379725468184,0.05786973922399774,0.4657244436882406,0.008451282656049663,0.005970107658296975,0.08858839605580027,0.030327174920412148,0.045023279406489536,0.04551491424184473,0.07593905883240204,0.07201331691917057,0.06072391677020139,0.043900344849557627,0.11027570571477696,0.025662035807582306,0.10121330466911527,0.035371690147613766,0.0657373972981925,0.07858112411397267,0.053602451703705256,0.050537894671551786,0.08888509878455109,0.050814832090008366,0.10102467485979894,0.015834974841405725,0.05212680311677742,0.07866801204943119,0.07033840819902348,0.06173150341818001,0.02175074476113359,0.03312914944443168,0.005355318893621508,0.03871808770144192,0.07002877868957658,0.019939243618781077,0.026249674796667177,0.014172473375136496,0.04711236847572109,0.031025016434364172,0.11159639677791144,0.04138328361564758,0.04266001518735196,0.07588618407324343,0.07538009457329142,0.025124507466932844,0.03499121599682198,0.04005549405295605,0.038519995724041856,0.01135147283369542,0.0722319031148615,0.0325600845238041,0.08460767485204101,0.030534589417152258,0.01562671032489593,0.03899211709192585,0.10144766006005046,0.018847746062236048,0.09473233846298168,0.027011114517106805,0.02067552755324975,0.04559811833579008,0.16435653613601708
0.02277943910592839,0.07440481926903253,0.016781926731025187,0.0393218195171432,0.10999210744224008,0.1503233696382411,0.03281347120558742,0.05718422,0.07783077769915359,0.07353243303464474,0.0710692707472873,0.031573753666934046,0.02715357017771236,0.02095002528761203,0.03939994454819473,0.046164878823448774,0.07185683477241067,0.09503922846266732,0.09946017134063379,0.011717367896443065,-0.009280854837304897,0.07177802602742833,0.03717125076996641,0.2661277157677282,-0.008075617029213333,0.127108096540967,-0.0014521912706726425,0.10692232424715353,0.21138753476771388,0.04457632682109214,0.09843313184408142,-0.003897194339288035,0.023526879774163234,0.105131246751057,0.039831779700781667,0.08473384089935632,0.0783606337611471,0.03826051132664787,0.027234147672772657,0.04522783248571649,0.4625591986320883,0.018206417238569195,0.009995805366426858,0.09461657140980417,0.040808055657716835,0.1479552557248489,0.053825709072166994,0.0814875360052536,0.0835682733553278,0.033103124381285376,0.06736693191620802,0.09689279403264806,0.0362502049054827,0.0895443841521475,0.017214923256134274,0.09365835867819738,0.07017543868916798,0.05663608970419354,0.04985434860526761,0.09582498678503937,0.03630324685441266,0.10684637972430089,0.048261332110692834,0.0547937533426075,0.0809732812907642,0.05661241218156743,0.10079996388265755,0.04238682645669023,0.03374951458725395,0.005461176742742602,0.03671203377688137,0.04447269119568009,0.026259243313605296,0.021327284812536318,0.035229244653517844,0.04657831085853359,0.03889855159061417,0.10543637594966437,0.041765468597947386,0.03889538582333829,0.09902971396521121,0.05992437176445353,0.03061886362232835,0.01890129976757393,0.05020354245383496,0.01807703307755748,0.01453459928328038,0.03144706729943181,0.03422829932177773,0.04495103575291992,0.06476458323734269,0.02127055492938812,0.04258127038172077,0.097319680781486,0.04004125039573214,0.10426860478988598,0.019585806289567742,0.0242689723774685,0.05404910329062407,0.19909030841384912
0.028195355548799483,0.07090054299339776,0.022357106784736125,0.025390068265922494,0.04251249699912485,0.09920118107012588,0.042184751875753435,0.1603837,0.038891778523128195,0.06461319399045529,0.09460595287619356,0.03564832718377975,0.027721483233132282,0.016512101856215544,0.03171380639511856,0.04588068387715971,0.049970009210887234,0.10069070246169076,0.12657456266753808,0.02142863346040791,0.048187082632177525,0.09586307088826818,0.0335372747873004,0.2319024903191198,0.023779966161704635,0.14942359870771504,0.007382170759356654,0.07293194109896017,0.2240389782491592,0.1050874390342269,0.060664767891444704,0.01099156908844634,0.0154802527294855,0.07138047427486072,0.048842094642187917,0.09684216685760827,0.06100900641129359,0.04484992401585686,0.03277189600956465,0.03897649734167352,0.4791345350883871,0.009502231752729351,0.011533128364473733,0.1316062602830952,0.047396991509767616,0.1060522367734329,0.04955753966909082,0.07117116408752899,0.05583828525718326,0.0767318170082385,0.051639411927194345,0.10112090911443516,0.03703793989083426,0.0757523461882803,0.03298869644949365,0.06301680289206457,0.08442762451070118,0.05604338111654705,0.05142195076286038,0.09928396353064484,0.030388797162640202,0.11624245592669347,0.06688277681284127,0.053432144837358475,0.0933941740062183,0.07297937079973149,0.06139819424459603,0.03243618863930742,0.032145434387058636,0.005405863632391039,0.030737741021754417,0.09222554840393205,0.029448330227667796,0.027322319984045107,0.028214731637770774,0.04691257370643398,0.031995856888465735,0.11306505522517707,0.04589559364372375,0.05638648804196622,0.07744472632483035,0.06996608547905314,0.03435822061695726,0.03599257402904854,0.07136080716330762,0.030226367031414902,0.019078976610245713,0.04118598941857243,0.01255724257434121,0.045754029527333984,0.02288850558536515,0.016173165708196713,0.08468646828821491,0.09228666457665202,0.04837970178123019,0.11550050405136059,0.02281113282765368,0.022383558253933344,0.02543029072958891,0.20821506427322412
0.029245350971162765,0.0627113416384173,0.015590787509833781,0.02901212331963343,0.060221275380472505,0.055809476510799705,0.03346864546095851,0.1296835,0.018546090656917258,0.07387957048581661,0.05102637447653535,0.043643455815371546,0.0240011997248315,0.005392259326918669,0.03898795724350723,0.06216777227132475,0.08668503988105325,0.07551226999709115,0.14469675886504785,0.007354784736042674,0.02245528064548319,0.09321042577718419,0.02180088181244688,0.26122344559560906,0.01899395160481987,0.08500003761152364,0.005682723127520717,0.08409660632112814,0.19696654859217677,0.10692659995341636,0.05700027433065369,0.0013265567288271995,0.03833362721068667,0.08754668444942126,0.08840813468125042,0.08921444125641198,0.06302388182328089,0.04087977783665764,0.02952511179935957,0.04365283935217157,0.4566087477348715,0.003185093080854351,-0.02392853583535537,0.16856781576405222,-0.02410950873437301,0.10282357237523954,0.053403231349999025,0.08083951430725556,0.06674450473960514,0.06493391203997678,0.0663565139779756,0.0724696716266422,0.020351977213832306,0.08718237128898831,0.05925050293753076,0.06389919005331945,0.0682702358235674,0.04506849708334393,0.0712164148741885,0.09879234442053741,0.038905108808148015,0.10921196886614659,0.025620627002050256,0.04871646376130867,0.08181775989794193,0.06786386176652837,0.09020988743612435,0.03801041501870195,0.03862612820419731,0.005096873153875414,0.027106149224879417,0.025648590701295326,0.02339583617859553,0.026893047332372744,0.02681974453144753,0.0455268849246957,0.030181729920081946,0.09587841353206183,0.0801434688573468,0.04547788437375333,0.06773942122534304,0.07751632504204142,0.032560067693373274,0.03181929522045479,0.054321031314918944,0.027816908871014512,0.0172995395451212,0.05324710849816228,0.03200337714160195,0.04744107939305664,0.028386914856605383,0.01947001782001312,0.05682487313440632,0.06471784743798015,0.017283243346171595,0.1438084187852473,0.0201589645537279,0.019206869105984126,0.04881915333945219,0.2744322483399966
0.01642129243844792,0.06650744225487237,0.019146562198554484,0.016102234098442025,0.04681356816611704,0.16051957859209853,0.043101709730978044,0.018110752,0.07397888713518874,0.08197435808347286,0.09957936443625215,0.04032085449701217,0.025617677691140095,0.016670888629897185,0.04026635766464981,0.05078113935201323,0.02548489797431497,0.09861550714919076,0.10937838423125879,0.005284357795124706,0.026228016241186314,0.0725514558980338,0.03049791474091368,0.2796803814781774,0.022993661687827682,0.1383233065019045,0.009374873243487514,0.09740584666231467,0.24207915845545802,0.08887163779521323,0.08396684613851502,0.007058616207586965,0.05168792866332339,0.08751330584834704,0.07943453620102581,0.08362877078522057,0.07611878386185511,0.04302983658299553,0.032441447858929884,0.0370805928006579,0.4701142065666586,0.01943999496684068,0.003793346031099709,0.18027845953236277,0.03253350045141801,0.03626854918188016,0.05218920394521387,0.06946933226990204,0.07383817272361393,0.04854358840106077,0.05729517746064161,0.07780357207830235,0.024869770869227814,0.07455405440971585,0.03405824219534326,0.07905426703391027,0.07099369125264454,0.04598402442709393,0.04729301780997952,0.09351995596228546,0.04745980584489118,0.10557751604632237,0.04587881524973092,0.06213799925325203,0.07802523556017338,0.037923018184375046,0.10856025021383431,0.042190846384668745,0.03449433422836723,0.005845030655096117,0.02982602837527004,0.06530904449768205,0.024388134304816234,0.02734091663321503,0.02592388672047341,0.04446163071326992,0.03132232440250382,0.10155587515620734,0.044314878464280394,0.05324174698361661,0.10400646338537722,0.07033873371818888,0.03207107118763597,0.02830190592296944,0.05017350171286816,0.027703421627362168,0.017347938516678818,0.030331268349236495,0.03535554236376992,0.061392857804921874,0.04457649005191788,0.02075652447284515,0.06029100243738483,0.08378275069725749,0.04011611382957003,0.08268838552108715,0.0186483444365404,0.02198158452956811,0.061691849262303755,0.16881019519363427
0.023239110126436202,0.0721884801577044,0.01746428070441386,0.041483799192436166,0.05102070241294321,0.15069196476153213,0.0524491485432339,0.11752987,0.07475613170305984,0.08115705919431271,0.07303527035055879,0.02629325897699264,0.03657682609812252,0.025752729145033904,0.042642914061134185,0.08369863889424956,0.08457646596747903,0.09001145746657357,0.13952355253570214,0.014201689490681346,0.032411163671606236,0.06274529973958654,0.044595128486030866,0.28565848893057,0.032738305852866745,0.1217832559953127,0.010498301588214076,0.0908049898813088,0.247844596535292,0.08399407050395347,0.07719051328329041,0.005738730953680715,0.04513475559813784,0.05620918483089099,0.06748118231918987,0.08039366908539147,0.055933551699379525,0.0357471026657592,0.035688708906293165,0.051148719479124694,0.4630174391411215,0.024428665315961773,0.003652202232271584,0.13758293722401316,0.03481039788183793,0.13578112623876493,0.05618271514516504,0.07343327956604462,0.07248943882163639,0.05584873366473264,0.06619343566987013,0.06559892501409337,0.060395569666835236,0.09054478851005765,0.04375043427297998,0.06578984938559485,0.0682244594563799,0.055688137433685725,0.054074595873944364,0.0878336728507132,0.04145761811600934,0.10242514559344151,0.023719477252294396,0.053140797333696366,0.08655632915758549,0.03117005034990239,0.04579798977682259,0.03555899518837968,0.032337599761814495,0.005322893966863695,0.03699384453737942,0.0508370367462172,0.030372917477423655,0.026663927077856142,0.027033963624770285,0.04686703575782558,0.029376113541297766,0.10624127707271125,0.023846881866990355,0.06160332497128751,0.10262697348669558,0.11243797116020549,0.03545089296497972,0.04909009867199288,0.02545378659445996,0.03125728896745006,0.009487874010148056,0.03590263370568181,0.0323309642692875,0.05698068358006836,0.03756436122196183,0.019302647977483822,0.04279680077722858,0.09888656768334148,0.03228930871482394,0.09901815084091137,0.023883539596452508,0.038249837855984126,0.029146282703465864,0.13428813861404443
0.025384877338350265,0.06942425515160089,0.017611146549140422,0.02701131460381312,0.07688625722251352,0.09952304615191299,0.02722255552565578,0.108074665,0.024180875355403586,0.11364778947995724,0.05989697613058809,0.04250906021600631,0.027131158831276814,0.02864045497511203,0.04469474435288223,0.06312359235494291,0.07177863347846536,0.0886257686848353,0.10960059034698144,0.0036407001107985337,0.04625899158298319,0.08729383031819982,0.03860176224457579,0.33542789048086297,0.024015046880698776,0.11134242957929708,-0.0003144578111999863,0.05237811381319357,0.24343909803065333,0.055322805855515966,0.06580507245687439,-0.005995754672539988,0.022331449018548,0.06845364779780994,0.11581339667465862,0.11678874202240319,0.05402143469498499,0.04690699951634514,0.024480651502728712,0.04190856902746454,0.45770547319873867,0.013162910616254742,0.009666310890108498,0.05879465673695261,0.04351982857641801,0.14100010893529813,0.0439394442711416,0.07688987212585907,0.0705990179079401,0.05503715682147092,0.05039343643280958,0.08455177154119298,0.03538903699776785,0.09022912231132718,0.04109325920889306,0.06774535857138586,0.07315567092793751,0.052286857984222834,0.060608457034222685,0.1447184384757132,0.04155966126786481,0.11071495958880284,0.03425638635568795,0.054942526535966874,0.09460891666674076,0.0346349875599854,0.06019036572286751,0.04232579130044023,0.039847785003513714,0.0061091984407406486,0.03755079033816067,0.03413867630310197,0.022696316067511546,0.027591971397008974,0.030769505922133567,0.04408922089271328,0.03069981349246964,0.11025505385188605,0.044214265823899535,0.07054211433896329,0.05974667677954226,0.09776330761650431,0.033394771138807844,0.018169116311153033,0.05827877972800488,0.017576830898602402,0.0218006438999796,0.04072727207238103,0.027955744924194725,0.07021434523167969,0.04719146502750382,0.019496720700872494,0.039798925563605536,0.10809858474266765,0.0389512006520798,0.07651763585678051,0.02537460939015368,0.01833759496657983,0.03913363698203032,0.15157801555191064
0.02197072328561589,0.0698991849611712,0.036742330173408,0.03537646887017054,0.047963699391702974,0.10392759098223525,0.042969149000997575,0.18004417,0.03832958751360671,0.08371242952512326,0.0825739208632541,0.007396679234560999,0.019262868883767048,0.004156297412856169,0.04668410897690567,0.05640138051717436,0.06495032537299661,0.09227643396803842,0.1204424368130459,0.011097479590779002,0.023514812811010533,0.06026336233113927,0.02574337143647032,0.27211392945181023,0.03667078189656792,0.13854646629194356,0.008791701399005092,0.07341140086153342,0.213021655708876,0.0364524521567855,0.0647989460530658,-0.008547787143243113,0.05933115147216128,0.0746730348522533,0.048792980414892995,0.08432089992035241,0.05697377195999964,0.034995607304431076,0.028259347562909376,0.032704181362669615,0.4892220251701742,0.01103717056498521,0.015348064048677834,0.17088142965565378,0.037704322594972695,0.13952477476781766,0.04100308105092676,0.0845545526068161,0.06839603023704166,0.03401817488787717,0.04564175415131544,0.10265775527532384,0.04713162885567801,0.08536276069328519,0.04724350487539697,0.07649174414572668,0.06532791213887501,0.06123709144369549,0.05428297371207913,0.09326437124548859,0.03077741944657575,0.10691695162371495,0.034284519748021935,0.04807416410920906,0.08074630680345951,0.04534808799333501,0.06290190022298958,0.03405362027993242,0.0333761510923809,0.0055141056673031486,0.03814969780886379,0.057018753665162514,0.032676994625861155,0.024481204986181337,0.027961292688185813,0.04271449936561367,0.029234254486732336,0.10386090597896125,0.04902936744743469,0.012710111699192783,0.062061721182618435,0.07956624798515666,0.033510880986830305,0.0479952805567585,0.058863858921120116,0.040469782863934434,0.035815245607438095,0.053927555122918136,0.030999873342163475,0.09369714476170898,0.022855603821449133,0.022452634244573666,0.056594083949836005,0.11435087356102702,0.04925898950095675,0.06287770894638012,0.022450167098893914,0.026450025539089594,0.05718955281454985,0.12316448138748193
0.042189572467744796,0.0684801175783587,0.03400814590827128,0.023080269071586557,0.08531006245932993,0.10841796650103408,0.045400064833517106,0.10022068,0.05641220622698562,0.07908472490476193,0.08173897899924043,0.03997848541742233,0.03566749763742916,0.012298291889174529,0.0419886934800795,0.07953585050313627,0.0771406673224595,0.08284697916457162,0.11672501432769433,0.01582102847993916,0.020849769933813267,0.05739375631307286,0.03196895737397032,0.2077180249107946,0.021864988134360885,0.12942409461835958,0.0012905760633117325,0.09195488268831564,0.19641437116297755,0.045114675972703466,0.08760082212118103,0.006197448299872121,0.06095716618163394,0.09723935336421619,0.04304566214707073,0.08898675151336999,0.05919988623307093,0.04412894623265373,0.02927477229130293,0.04146606414465204,0.4463886969231039,0.019676029360151226,0.006660091026216897,0.14935747717152292,0.03904328133520707,0.1401723196286575,0.056612345424706056,0.06241929488586884,0.06446331577476139,0.03455795455096311,0.06298718261811231,0.09833045806463048,0.03090867505929129,0.0947643205229971,0.04044166123220849,0.05677428923544836,0.06922700958150196,0.0546615070320744,0.05347616524039944,0.10391834387122101,0.02348824822770368,0.09858851381853917,0.05244009454660592,0.04946986647126961,0.08572949352526127,0.03945247336931157,0.04189221661398079,0.03471213239541093,0.02978079891952934,0.004771670211980883,0.03583656075442043,0.063226696627809,0.02070695144348811,0.030260709762182314,0.026323357049758078,0.04341950310401699,0.03234037173526749,0.11493997893123176,0.031746166229783324,0.044541614613621494,0.08564298758581668,0.09150982670524943,0.02994270853199632,0.030863236718257525,0.07919595692832226,0.016306536709149277,0.0153311557560587,0.03742374424034978,0.015873645009643944,0.04816396452489258,0.03206094516056046,0.0107238706642514,0.042356203243048896,0.05446918639672038,0.03897551934714816,0.10273509648910473,0.016792017379655633,0.02901302526443139,0.044524281055516646,0.14052779124771142
0.012086365833223311,0.07414446618065362,0.011573911289130656,0.040152946683891244,0.08667143254599985,0.12346265567950088,0.052301329024190935,0.1537962,0.07072733455340163,0.0500281758324963,0.07044890560446504,0.036201458287295374,0.030336935045876423,0.006540483203871794,0.04008611321884903,0.07231868169515288,0.058748581293406765,0.08515916254469857,0.1479263769375576,0.0005259997934157212,0.029316728933447056,0.06886407415364904,0.02979791779267149,0.3057819706810583,0.03810606174275932,0.1364016527543459,0.001609580122149623,0.10191696459749533,0.23372020307215724,0.10291782996440269,0.0782581516805072,0.007472987698065481,0.05003282688720034,0.09170494288753162,0.10738434622910198,0.09133279033172936,0.03001578322098597,0.03608136551365959,0.024938892011761915,0.042544669796507506,0.46194312502368984,0.014207183992719585,0.003816949470430764,0.12239519689808542,0.04107842232641801,0.09120114348119657,0.052998873439842775,0.07635629134582977,0.0732857568758356,0.04781212020037717,0.027881000519723642,0.1209315856891422,0.021088929041835236,0.08533057418510648,0.04336610352346826,0.05314889632163,0.06459525184529591,0.04781984748617596,0.053899119799725614,0.10438469061194366,0.03785797440873395,0.10467772432879308,0.03820507486276803,0.049066700654008866,0.09034456196093021,0.025737683025073288,0.06753771107504036,0.035637196482324995,0.031070643432468792,0.005283793319891039,0.039669854669215354,0.03957843460388322,0.03790026885681819,0.0275575199123288,0.031652608339125754,0.044279717337415425,0.028458917267494055,0.1079271348455384,0.018714206696091917,0.051354902348606846,0.07218521246984988,0.11384893231132853,0.029934125463148664,0.04489607744701729,0.05555627797324414,0.004716055904705918,0.019745118120255478,0.033127918282097824,0.020822499456055077,0.07081754423680664,0.0775385738684462,0.013669770627630307,0.03494520013025593,0.08536441955101726,0.012655061888652064,0.12523227361312816,0.02919550553883532,0.021714078883816157,0.03772887471396391,0.13782030986343408
0.026907418384492843,0.08279572274193292,0.017270207981025187,0.02627746221733851,0.10401638417563852,0.13317725910357314,0.04446212614333156,,0.07264946513811843,0.07967075777219357,0.08018210567770723,0.02331922562127975,0.038529474260964314,0.01388854381178195,0.042926632170265044,0.06172812841146147,0.06977448690253762,0.08790336039015756,0.15096382963531152,0.009635496863728221,0.0346644576626951,0.08786460439656896,0.029947644660347272,0.334733138741361,0.02439079456136284,0.12055301612714864,0.010061995588458217,0.09686296755770041,0.20913686338099513,0.036542097542527685,0.09045230832723572,0.010411258266913137,0.059269162641594875,0.08128271312068591,0.08616843054917034,0.10909211345184655,0.06754715910599574,0.04008679764256584,0.03314907420170332,0.0386069485440661,0.4719314329765707,0.01919299331889146,0.018278943641573342,0.1293508205247944,0.03863749291357621,0.026343660571040317,0.041239115444237306,0.06901586013245087,0.0654270036714899,0.04839147734759397,0.02667221832367872,0.034270723720148055,0.02003511892220633,0.07933387008354398,0.06757727181265283,0.06652179442343664,0.07360342101949024,0.0546467250801701,0.06334526390372952,0.10819414266882843,0.02931901299821149,0.11057000109270909,0.0522238488953608,0.04918066473481941,0.07951439800524174,0.04880325004167485,0.06670086186239388,0.030791100443506636,0.030140810973972698,0.006163081039617602,0.036764485864283714,0.034031387942506264,0.026619255368048655,0.02258780384024628,0.027064123575026633,0.046907328497693745,0.029045903809242102,0.10752468428401496,0.030657070160447386,0.0408191853381088,0.08861535201147586,0.06358695797661174,0.02794857553639085,0.022588681511958697,0.044348220569679686,0.03837265304215709,0.031568533876481064,0.03137458805138493,0.03368112868273965,0.09306152082982422,0.03419193042057023,0.021491330533636166,0.06401033227136921,0.09215791854393718,0.05179767053123019,0.08673625615707348,0.014560419479265008,0.0036696071430935007,0.024637787372655318,0.16959864543472314
0.03467557252877995,0.06816969658836847,0.03688108978644511,0.034328857633598275,0.05973633199057993,0.11451623691729385,0.10605041349684718,0.1559267,0.08118437343279616,0.0859163708703381,0.0821767155104709,0.046498279881533655,0.03975732994333736,-0.0065119803276223465,0.04950221658188614,0.05620039365499174,0.05081162679511575,0.07617411997267709,0.1364179121243252,0.009742308387165721,0.02566606365024393,0.06400987188314122,0.045218831488960554,0.27875579422842156,0.0219741838435894,0.13353681510786153,0.0011961623059875137,0.09785240466097189,0.218362231880751,0.031981150124314794,0.05486452069906189,0.008048530148016653,0.05595323704345034,0.09059772700618396,0.12020649741318401,0.0871113509701571,0.06871278753922327,0.03718285934910881,0.03704793322575117,0.0596798130765368,0.4665131323479086,0.01682311264262193,0.0022240749434532248,0.15118853185902292,0.035384986657472695,0.10847027800268094,0.04153141662221582,0.08068740325378876,0.07322543697532291,0.05850471663592405,0.03615698623749708,0.07445283736760899,0.05109390722176688,0.08931907859489652,0.04741921936819482,0.07915893279013586,0.07365921096700001,0.052854771039642756,0.04946286529838284,0.1199992001944632,0.033500398038494694,0.11578278490618565,0.023869204119970178,0.05530992956636238,0.08225931110643803,0.0638255278737061,0.07442228596517708,0.048677262247705855,0.030985289581150433,0.007301291336248461,0.03845868828737942,0.06130313553161759,0.024374306027228343,0.019776968001928408,0.0294777540605613,0.04833748234443447,0.02717813266056046,0.11116462073115851,0.03699328231865051,0.04293753441342618,0.04926818022802859,0.09495783619621623,0.03349991373219163,0.036035727791865924,0.06478736851889844,0.03477205566056529,0.010396725633683213,0.03445066455895329,0.038735840978271874,0.06841333128514648,0.03579458010929093,0.022487920194280697,0.059081266567023505,0.11341007384789226,0.04530696313376925,0.10454850820175121,0.020331102767839226,0.02028499792068139,0.038327782184667036,0.12287790225540185
0.029582474842012374,0.090223415155263,0.014778256992255656,0.02033750173760218,0.0838862267049354,0.09582803501299697,0.05615035856520656,0.14524221,0.04468821101824538,0.09512600374387326,0.07977393307028535,0.024189930272158655,0.029976922991433064,0.01706380244825656,0.037529789213722076,0.10137189290731108,0.05958447683173684,0.09027324106642709,0.14245705473296777,0.014058638343220409,0.01789767108737772,0.07756778280233068,0.04278743881928282,0.3853427273644079,0.044036008642173385,0.1293649668107424,0.01216675480476681,0.07224553400972678,0.24343766751917872,0.08350865027690269,0.05942022290853455,-0.00850296445037202,0.04649040363890933,0.09212122172664294,0.07460131476547893,0.10584699817169518,0.07282979956314906,0.04350190536961662,0.03372986186039473,0.04483396499304071,0.4672050230644613,0.019875824129438335,0.01169143830099717,0.1558858547044819,0.04213175560888871,0.15224535963720243,0.04571852370839746,0.07943856673645477,0.07503527240928287,0.04949583220599241,0.05126128006073927,0.1064219078021793,0.04529652105233328,0.09316810813591214,0.04063334976980615,0.03975454054770422,0.06991413192647267,0.053821796796478694,0.06020600647269925,0.09323957571326202,0.04187723481522809,0.11108260103777745,0.029641079501439904,0.053201832489946366,0.09635700168871342,0.06374589606828618,0.06921832363912728,0.03238469022622148,0.035283976562351604,0.00580116163654143,0.028585774926783714,0.03941869415588517,0.024270832363898265,0.03165498161276825,0.015517869417006613,0.04740550411872646,0.031428182251624914,0.10595016798762824,0.021268384934006956,0.04059364136227872,0.07400911459997683,0.058944948241504314,0.02835579446949632,0.024447154336055377,0.07843063328940625,0.034401553188641465,0.008660442331376084,0.024771347084588058,0.005686972798950585,0.061571671739248046,0.04700812114017472,0.022203725247991635,0.06951398675134968,0.08235366973412273,0.045794290709452845,0.10435920384994457,0.025473314681901726,0.019909727077175532,0.021910755664891646,0.1195138161042788
0.012833569660127608,0.1273323133181048,0.03657734451666972,0.017510334226615853,0.11653526692710336,0.1534342552583583,0.033420008070821794,0.15650368,0.06432770305315749,0.08667692613767208,0.1071410480910373,0.0005173495531645145,0.02246435356394283,0.01600331660841281,0.039684616331642,0.10755289457051909,0.06673989522773294,0.09348235514113412,0.1344957815396084,0.009894419440632518,0.022027080877416783,0.059642997188317004,0.036986714789741804,0.27023757523428094,0.01828918628499565,0.1401858324418459,0.016549841962969936,0.06888716990450217,0.2227734524312881,0.06775442740702964,0.07395612683919861,0.002969260738836965,0.06229326389891909,0.12239608973811755,0.08100762198593792,0.10413062282074304,0.0660613345210348,0.044992975163317794,0.029519866590619337,0.037383861233275084,0.4617824309013754,0.01763516632304185,0.01280223046103135,0.11321083639393503,0.04067406441626176,0.12410672209447782,0.04527744933705957,0.07115590529846649,0.07035749988731022,0.05535759139178342,0.04959807205292677,0.1058411201434879,0.05445322500130789,0.07713135924980374,0.03755584275076318,0.0572227545827384,0.06667497711079884,0.05375265540853924,0.04382021278678616,0.09437873968420929,0.023696626065838444,0.10272650667742589,0.03275935609750924,0.05407992811677742,0.08154739322924076,0.023409048762988327,0.06468384068319466,0.04712658780922929,0.031075411804050823,0.005757769455144945,0.038670403985621604,0.04829787887878556,0.01664096099549006,0.027262953757848818,0.029457488481337668,0.04806723488502285,0.02830227626102433,0.10987501463679816,0.06721689033561828,0.03867675598630216,0.08746832022741824,0.05641103558281291,0.02664537958302171,0.07050390177257881,0.13457248662192578,0.02990402511246959,0.026792294481339463,0.04241241458947087,0.026368830861694725,0.04913003660741211,0.055563056595496985,0.015375417142522885,0.07807082955530475,0.07192190322411296,0.04477242867942355,0.08037143376937816,0.016651827255143914,0.028111326198269282,0.036752789051122114,0.16722089694534326
0.026584122791231124,0.06165800835594659,0.01227343140021464,0.030127922269828744,0.03753860860190805,0.1735930229585536,0.08313266599928859,0.17852259,0.0371532302443196,0.03009828996823849,0.0673909489089084,0.02768514664178756,0.06722553444162838,0.004191106525404997,0.046645485167091216,0.06388700864522612,0.0715874217780259,0.08219037439772592,0.12189965116851464,0.013340521582966502,0.026937311514013462,0.06359216253255529,0.02918422837006407,0.2486702305687536,0.02378378085897026,0.1227755541215334,0.007122294508135951,0.07991689021089865,0.21838178220423732,0.05427185675883628,0.07899629560140564,-0.0027661366000302223,0.029206487165520656,0.06584248751948962,0.11446919272568401,0.09531914897430749,0.05129678717301234,0.03865390198216545,0.029092143659711134,0.04440957992223993,0.4651269667290121,0.005966961061811382,0.018427716834932717,0.15263096426258738,0.03738293435034379,0.04801161787694852,0.04150566741567285,0.07521331267761688,0.057985482980571934,0.07951320815203733,0.047139499665231455,0.12070079650457188,0.013224692210170197,0.08839902129814359,0.03994956528494287,0.05679741583762121,0.06794717864888478,0.05302643241659588,0.03682548851310452,0.0962579549246878,0.030383551953899968,0.10822873064593175,0.026447462634374475,0.049803652482011795,0.09087385120653568,0.036098162379931686,0.07579080860922005,0.03578167814126054,0.036940985687107464,0.006718119491766039,0.034500463037135276,0.049310204165650795,0.02356034499817561,0.03049984359702118,0.02869323772602761,0.04874052895240566,0.028169477112464758,0.1207287820318177,0.04544927406364563,0.018207805714695713,0.10014813551977664,0.034514434859546306,0.03648229173817308,0.03707618647106514,0.08493397687155957,0.018318789516766465,0.026808149316849716,0.04041685108239079,-0.009715105829589454,0.06727559782567383,0.06965359462039933,0.020967763333929135,0.055780599757941474,0.09338958892357585,0.034452242064433314,0.09120660451522777,0.018821436324968133,0.020238267879177485,0.023727982074803755,0.14022833751235986
0.029054616107881515,0.08086405541405206,0.013935208896552531,0.036213318082817025,0.09976728825889047,0.16641710056475478,0.05152885282790187,0.13384533,0.03752564006487624,0.08262857866452755,0.06847718395529512,0.042811851811465296,0.03331239891306392,0.008816903797133513,0.04040034890610489,0.058391937234093305,0.06350217092353372,0.08921084787795053,0.12132696974151269,0.007461596259480174,0.019807642324560337,0.07800361196492833,0.04441106934296446,0.3607202870262731,0.016211129949546432,0.12009668296674825,0.01891543110481564,0.06746357256868674,0.23375072065028224,0.029620806191209326,0.09606611219076111,-0.008508209659112254,0.0539471831188898,0.0746735116894115,0.08299984763291057,0.0805038184689364,0.06474645605728968,0.04529338257298576,0.03261811602604414,0.03898031203893915,0.4666504614494711,0.017049610292768413,0.009448873145967873,0.15998474691639597,0.04147562767920121,0.07335455916112821,0.04458317443471582,0.07070338683533173,0.07652681904014225,0.05323900389788694,0.029581401825875986,0.0872101386981754,0.059031338557216095,0.08977207389518949,0.04298201119253564,0.05452790938315344,0.07027247505086232,0.049027676007904475,0.06071169227897366,0.08947828420935577,0.041276419995892155,0.09940342852190831,0.05157511194162545,0.04273644896028328,0.0806995767619556,0.07072035476274419,0.05966393750021126,0.03758316892495195,0.03140490628036918,0.007202586044500414,0.03822551491701809,0.07409810699768205,0.019360363308722484,0.02682211780509003,0.028619566385085227,0.04859557045631191,0.033892715103797766,0.10945206007747199,0.043658988953171995,0.03612305458554532,0.05866568694189578,0.0873696880791508,0.03801484636463792,0.056001853280147174,0.07630727742392773,0.026993887935955918,0.02920711705976964,0.03456605915123845,0.024517749013550194,0.027458741441396484,0.046867931015663,0.01798085537494476,0.04347247903040241,0.09764345321190593,0.05188636224265597,0.07398133901229809,0.027884203353776726,0.02382503698318139,0.049776165515965864,0.1662502949098208
0.02566335023874089,0.06729613091454034,0.021634221652900187,0.028948227140434213,0.07431801228843149,0.122474649087704,0.05197898710524562,0.16726398,0.05255793147722976,0.08972200822995724,0.09479334987936738,0.011390667271670374,0.030657369616188923,0.008682435718520232,0.052513920073097076,0.05736721418111479,0.03040633428412942,0.07713828470656381,0.12399678099029199,0.01159148288667744,0.025064056738012486,0.08667298833821935,0.050786858985298444,0.2716347081078161,0.03555307559773979,0.1263470644364748,0.015242354475176967,0.0706161814401467,0.20093431058558497,0.06741921088481284,0.10273563352254822,-0.003436092807305613,0.036924096571038234,0.0808993360454906,0.17342247794296917,0.08713996119964929,0.07094915381119593,0.03834872620091545,0.03292114604008223,0.03166276900915399,0.45448300768360195,0.017273723757123882,0.018659459693819436,0.16552034948597605,0.04979595925268754,0.13215811751073758,0.04547295257192285,0.08005607085632782,0.07314318256553287,0.036879674674254126,0.03711352157685255,0.11547180022771641,0.023167223795863556,0.08923801627800199,0.039103656166290524,0.06458249770102453,0.06463506774800587,0.054357761762299006,0.06061727852164944,0.10901573309241241,0.04214187943803083,0.09854512163714269,0.01427643258981881,0.05329505415437508,0.09204544010424076,0.031907717433642624,0.048446104934903644,0.038351830423975386,0.03234141445908012,0.006185015548894945,0.024628980188014182,0.09140538849182267,0.022361576382452952,0.027404455184545595,0.02476886791401589,0.04492893112830898,0.033434713013343664,0.11743979773311164,0.0257458858495343,0.041188018879978916,0.09773796210363894,0.10293508343437541,0.018352942983290266,0.035141896538814166,0.05715845082480664,0.03963484099992076,0.025556332567276963,0.06388153080040837,0.02651426619494668,0.05502517439427734,0.07792528880374894,0.015062135129583432,0.07927913491419147,0.09970482024681804,0.022092622923808314,0.0825138631211848,0.02386875764454821,0.031109678249050532,0.04767331364829008,0.15833551333938622
0.013871644153535811,0.07292376305565362,0.03224575577155253,0.034371296140678353,0.07535942464194711,0.11990592731646377,0.061771314986105,0.1657443,0.0374426703993489,0.09237465334104122,0.05192425884543184,0.009860019993838343,0.03083093834177486,0.03485555049513156,0.044231735472267,0.062178977944542524,0.05345044362861184,0.08856377985426889,0.12362294065826074,0.0017591006845290025,0.017112320287817173,0.06021806280110997,0.04543340821015196,0.3247686726463903,0.001195527837730026,0.12682819312910176,0.01876618107429806,0.07115691477754904,0.25851716581019435,0.038932959053758154,0.09451543775228455,0.012347693966376028,0.027585717664788234,0.10726199359248767,0.0824095232310551,0.07911455340851159,0.05691512098954066,0.03596358673558342,0.0277899013806584,0.03715259521154657,0.4625019781731039,0.013810455477094585,0.0014258495406211935,0.08145491216908152,0.03492245461401566,0.1378052999753372,0.05862221404653223,0.07883679824280243,0.07606357174094791,0.023739949942808813,0.05312142181488966,0.07107444610173985,0.0273090313520159,0.08880385604545804,0.05042400872061181,0.04529157362875891,0.07696726875203419,0.05017923774496502,0.06580002159415921,0.1026356519156546,0.031770194409954655,0.10380225130633214,0.03688518960886178,0.03966490240571785,0.0835367578532642,0.043000857082080124,0.06558911602804329,0.04352837461342851,0.02766602612289848,0.005527457107732836,0.025596482782008323,0.060531613009644936,0.022930919949347484,0.02386644267996796,0.028943934861952902,0.048385642897412984,0.028118455536537024,0.1146874936559632,0.057016628265916136,0.044834631047337314,0.07299416670874148,0.06630445294121134,0.03263707689442308,0.033065032296260455,0.07943294499594922,0.031873362575848496,0.027337796190323838,0.047240867653435714,0.02738878554309121,0.06965930677953125,0.06403216136234269,0.01870135632098968,0.041135500118048896,0.07929046782982585,0.04756240289207003,0.1227055135118098,0.0278799118193529,0.022325384120632563,0.0639120030708975,0.14818221972976708
0.016750310077608077,0.07534848000511651,0.017100453952704875,0.026110092374809213,0.05405863194785532,0.14385841144732314,0.03844301069533351,0.076952934,0.06681202464739577,0.09296450090573849,0.11600926555929902,0.03710697205072311,0.025719720842995564,0.054955190387709685,0.04850753426987442,0.07190836332051909,0.0482867740424302,0.08828530695387826,0.09274535047881738,0.002898264655476268,0.043878143652074986,0.07386657278035802,0.03448236603485899,0.20623363083730828,0.02070913486287651,0.11763143485883809,0.02589346607796017,0.06849950129488303,0.23592271390589747,0.09836832663798667,0.07173549619344666,-0.006481174899590769,0.0643689360485773,0.08195982188533435,0.0687829477610844,0.09676348872650475,0.06084020605728968,0.04028325455174553,0.033308099393964063,0.04086811034826532,0.506985162987557,0.013598739778852398,0.016499148948580178,0.1652084979845112,0.04275307442602738,0.10221417448705594,0.059019896236473635,0.07628762679504852,0.0730406625765192,0.06773294615862913,0.05709824371430372,0.11796089019353673,0.056988329752894806,0.09956893172905179,0.02556863343069482,0.03468886099753332,0.06808474616902638,0.04666494788900799,0.055284570162884794,0.10331562170325226,0.02123757684098493,0.10048727938250401,0.02810399492197213,0.049014725403764725,0.08019412937426029,0.0341166655690186,0.0640334347994056,0.04212742704262773,0.029049807556003948,0.005371054519842211,0.0374492240234634,0.07266997970886369,0.02788621169739436,0.031116870879736025,0.027789631311232688,0.043515108954236714,0.027765119202308508,0.1157548936346009,0.06243731308036926,0.04285599525937345,0.10690849433020144,0.10837531857231486,0.02886863283314378,0.03740091257580147,0.06058690999228711,0.0367876463282899,0.025349385240616806,0.03460849765831853,0.03157327002490273,0.046042516008046874,0.046378696091346594,0.008209985166204525,0.0514819127767403,0.09132917556298015,0.03073911111350558,0.07314878133407543,0.023690420547380242,0.020804273585964594,0.031340687305516646,0.1363287632325747
0.02281329454416081,0.07768784310326105,0.01582539139166972,0.03703157064629359,0.04593237309775766,0.11460445179156142,0.050844114668722185,0.16022825,0.03401373439471023,0.08893665743039669,0.07672074474631074,0.028811436009463343,0.02306087684885494,0.01277465221021945,0.04243644357163223,0.08495844266622221,0.06204352605659036,0.09424004938551889,0.12007908689849511,0.013255167731648143,0.01997119746982401,0.053979125423180285,0.0369247259591754,0.24062288826833855,0.04368982486531792,0.1143054956803713,0.0389440222608215,0.07950442606905295,0.22433843198451076,0.03151766440654136,0.0763493725362201,0.012093539761053762,0.048604699598381984,0.0986910840923656,0.05948462317612346,0.09841525264252038,0.0544493960444723,0.03662019150242912,0.03049380648624922,0.034757919003050475,0.4614929907463461,0.01907569137797349,0.017156468971163186,0.09769646261463816,0.040156696099611366,0.14722331068700711,0.04937729522329004,0.0792592759649704,0.07194775180991764,0.06709112334368772,0.05769905853363966,0.0804204544025211,0.019949049815150666,0.09313663688347074,0.05998793160269189,0.06180945120749426,0.0678742225636797,0.053538078687347834,0.05093939155875882,0.09591463217078156,0.034190381406414616,0.10693650194720128,0.036808180407811975,0.05258909674165535,0.07733930530809818,0.03657452270097661,0.04741232197591927,0.039065655649805464,0.03334992504867973,0.004543265213201586,0.027098042993189964,0.06861972488708634,0.02620059234314631,0.028188256263341982,0.022236504976088645,0.04227080238990566,0.03329833758609757,0.1159539731481507,0.06791664886528137,0.03431131180295255,0.057530099249635036,0.02989149861076701,0.03656621507801683,0.04661579065807686,0.046888570530006835,0.031398432766278184,0.031129605272355088,0.027880325356072433,0.028808329763061913,0.014525487199453124,0.059532725937538,0.01590089169086273,0.06674547021082233,0.10432060393822429,0.010089677977519251,0.10179763463607738,0.031248289504899773,0.0039933795735134225,0.04374417546469633,0.1475570862153628
0.02179667772287175,0.06508980538353448,0.026555181125556437,0.046854892942436166,0.06966646581016,0.1644530083101161,0.06367008055006984,0.15807056,0.07245110088030593,0.09631761980222286,0.08802893795309785,0.044441204381045374,0.04013307762400142,0.017550176349623747,0.04477389932114395,0.052157291390587446,0.06402240026313333,0.07344184305617318,0.10886483061187402,0.015696573981648143,0.0060260947781736185,0.06848022024129552,0.038813477942817975,0.3866068226708044,0.02869377307698784,0.13021469062666036,0.013835684858477748,0.03511875445345236,0.24341144147547755,0.09474388739848472,0.1090184399190326,0.006789680050360403,0.004624577985833156,0.0897487184460033,0.07907166312363323,0.08182465739715905,0.07471974363968714,0.04519992248997795,0.029998849516034376,0.04413206069616571,0.4741296522758871,0.020890533602094585,-0.004555834190457908,0.14281765554676706,0.03907522942480668,0.13357003233617704,0.04134068175893457,0.07141768889832001,0.06513303356345768,0.05422701048968381,0.04763207244965528,0.049712618251398055,0.019066901072474884,0.09225424972221585,0.04420438324758935,0.045781046971654416,0.07025030212300587,0.054395908734955256,0.06748778671561917,0.12074163564978546,0.01965853059159528,0.11089758822039464,0.05062787492685494,0.05294600935457039,0.08023251476549564,0.020108620372485397,0.05912940304586556,0.026179608286524214,0.026908808715671917,0.0061969364778500236,0.03010783913576809,0.06360435165710587,0.02227860671692561,0.021717218398656923,0.028299012605483176,0.04882647885017177,0.028376186020545813,0.12003140768794562,0.0327804260259259,0.042539613804905674,0.09254186759069949,0.0683417396996342,0.035453277150770734,0.04524130754955635,0.05815074895102734,0.019322531734784043,0.04105461309248448,0.026455059090203292,0.02627966231311074,0.07885081984105469,0.029856526978187414,0.02165822353900726,0.04206247155359577,0.09104068908226726,0.03768948953147433,0.09366851476303051,0.022955137649431023,0.024308073024441157,0.03136691334921782,0.1712883179048159
0.030145619525850265,0.08807335640892511,0.005871892551337687,0.03485767004204554,0.07118185429892954,0.11879203571490127,0.0794872459248257,0.14591312,0.045134053761165305,0.10682758760617794,0.0645065609389377,0.03690431625848678,0.02437027168528072,0.011002248493178435,0.040829979185645904,0.05375708005635893,0.059243061426463406,0.08893428232619272,0.11411528456084863,0.009895373114948924,0.021855181081884556,0.06567594091390294,0.03497541565644102,0.30025542801748406,0.02396211795613823,0.1451616281876955,0.06481816013923947,0.05771988207796408,0.2659386593404678,0.035464922402146826,0.09008705106405213,-0.019239906741631785,0.04499551914794253,0.0818451425487865,0.05322995017197307,0.07602154918182702,0.06663902273819788,0.03750663177952873,0.03309590685856367,0.05285436599401727,0.5046906225822836,0.0239294168113231,0.00258957062521592,0.16367832754383738,0.0411079862302266,0.12097056410497586,0.04096016570668848,0.07434165435242157,0.07273262577231998,0.05383743453143186,0.04466185379120802,0.03945680465276524,0.05252871023080008,0.08886775222465726,0.038531451576446774,0.05698290549216223,0.06205800132649708,0.05237650336996502,0.055886100237958036,0.09852531561194366,0.01444622361527692,0.11729912706927159,0.05101005990915475,0.04607955427644539,0.06961358967089115,0.02379862472124028,0.07421533863851693,0.026959713877344527,0.030140334136814495,0.005488833297918383,0.036007745294215354,0.06654405273742814,0.02114182693176936,0.02705707931479462,0.031930485193068625,0.04794826401405117,0.030342900879554602,0.11652307829646613,0.055018918991624144,0.04726816948422696,0.07668345580175906,0.084684618041309,0.03295059732594163,0.03450007372387276,0.08785078976828808,0.03093876174577037,0.03288591573530675,0.04186405185753728,0.028263781728393944,0.06253249861302734,0.03278049243228898,0.016619008451116635,0.07758493249109577,0.10064800414574382,0.046790880370097376,0.12179046300521801,0.028548914352311883,0.02135597417800561,0.028692810566014693,0.1461868946412661
0.016089413776338546,0.07588682915672784,0.025870919803534953,0.026360908720024057,0.05127676396689829,0.1583037163179286,0.05159227216994289,0.15890694,0.0500769477430989,0.09697565508054318,0.08436492122946504,0.03442905457025436,0.036610204699196736,0.0243637025031882,0.040314518217628326,0.05615723989217436,0.058525898340525906,0.08341632273146615,0.14288334715240136,0.014730025061970409,0.0017607863980466654,0.07786723653768224,0.02469051499115782,0.25757707184682976,0.024061776922202682,0.12147378867963887,0.01530243595711056,0.05375998789766623,0.2557939487996963,0.05011049887919761,0.10138761487630799,-0.008088592959893504,0.0342337813244562,0.0950892946178783,0.06947102378037151,0.08818375773895593,0.07418210974381312,0.03340678589329826,0.03674180377018477,0.03862411468176141,0.45344779421314296,0.012430965578412945,0.0027772060469688498,0.1457368526292866,0.03319582726416215,0.16323073408788602,0.04841408416371973,0.08094823317932587,0.07306927280601139,0.043120519400816626,0.06610474395844435,0.04795690383489415,0.025123448237391877,0.08366140571281644,0.0679246476824038,0.061828763112401486,0.07777002410786915,0.05302786292807049,0.059323619311444364,0.11083582052527374,0.03307577454911481,0.10601429888323644,0.025400566653539514,0.056824125962236405,0.08503688755297123,0.04994265243120122,0.05791775982687142,0.03789740461220781,0.032943182952732464,0.0056361759798031486,0.02792583229983059,0.06049108185119767,0.024297058407599437,0.02247372055014618,0.02961949390583718,0.04592957390479824,0.030624234802894446,0.11095075926570441,0.028262870789109495,0.05524970825680997,0.08393543372229129,0.08097101025322306,0.02791615060963304,0.022608231835445025,0.068521241886208,0.036760466610272324,0.015409237840714463,0.0362831497579279,0.009786103429443749,0.08657605864110351,0.0334092022253798,0.010749143033636166,0.05798024956873249,0.1215649429274821,0.05026893060203097,0.08205943730941723,0.030513006606950555,0.01198707769363061,0.0557480740853018,0.15814573215042138
0.0275873881720905,0.06768999840721612,0.01357328949347636,0.03775207159233851,0.08061321645102915,0.20135638965777236,0.03758804167067531,0.1418047,0.06566666179339187,0.07229361009763302,0.09728005565939668,0.04179142029291061,0.030116159441628376,0.02496642467115695,0.046562992338722076,0.07458580396382963,0.0623248599799302,0.09606299784132943,0.10312752592437402,0.010741759070759471,0.021705215795629673,0.054900851649986926,0.044103509375923444,0.22151053971182,0.006290532873130417,0.1335935587296877,0.0012900992261535293,0.056028540677817595,0.3306573826375869,0.0669552483298812,0.09861385312704041,0.014023776577460012,0.04256031178099917,0.10234604090999255,0.03641714881088909,0.06901108928192468,0.06126268377945765,0.04038672821507561,0.029216359739423048,0.0385149189725329,0.45947453905567226,0.02132922378764146,0.015247212989717873,0.166093030912978,0.03842100884375199,0.11233408949560086,0.051791998592430666,0.07478749709534149,0.07718437748130436,0.03817094969866819,0.058907363892526377,0.11487575377996251,0.03553971753976004,0.0920933171813223,0.048428683632110836,0.04227367125449133,0.07073977546590138,0.04916691245809979,0.04932815880119046,0.1204879582816214,0.03518434846268903,0.1001949782045255,0.032926249102880334,0.04791633100984383,0.07688535633348881,0.042654434886645554,0.07032244007894661,0.03450995344033281,0.023333006866306683,0.005888899673650805,0.03465209725344387,0.06071090378112931,0.022273838345343577,0.027142075538244326,0.013885536615187766,0.04389240635566494,0.030226075775794836,0.10277276358394172,0.09228636550956848,0.04432417686948087,0.10346024642065554,0.07891417317131388,0.033591943303724836,0.035035085015376666,0.07193539593894238,0.03945030501969615,0.021615154245438584,0.026128902473992355,0.030460808934814843,0.03681762434544922,0.02303084147708878,0.02411012020648773,0.05541963402918171,0.09497125777733562,0.03649787347312472,0.08848481801620434,0.020285326400651726,0.024345266322781,0.04881247761923735,0.14269883082901025
